Cluster,Recency,Frequency,Monetary,Size,Percentage
0,-0.6604823493589581,1.968926995039274,2.067884820396674,88,10.37
1,-0.46612577485475576,0.7051609727628091,0.5884804587813874,237,27.92
2,1.398000916362545,-0.7612854932741138,-0.6919356154491529,217,25.56
3,-0.43899655852282327,-0.5706507298624075,-0.557959949099772,307,36.16
