Model,mae,rmse,smape,mape
MA_4,1938.7450000000001,2822.3197453011358,55.65980616460623,2569283333370.796
HoltWinters,2284.8472093075943,2500.4789297026387,65.31589851624891,3048209992216.058
ARIMA,2488.557925466243,2822.755162988649,68.40510391950461,3485830506120.0625
Naive,2491.0350000000003,2823.7003023662646,68.45115173229229,3489766666732.4775
