Feature,Importance
Recency,0.3493151445340799
Frequency,0.25396974628614394
Monetary,0.22759840131927103
Total_Profit,0.08108806270573284
Avg_Order_Value,0.03799648379340438
Profit_Margin,0.025616476662107538
Avg_Profit,0.024415684699260434
